,City,Country,Lat,Lng,Max Temp,Humidity,Cloudiness,Wind Speed
0,east london,ZA,-33.02,27.91,20.68,100.0,20.0,8.52
1,cherskiy,RU,68.75,161.3,-20.63,83.0,76.0,1.57
2,castro,CL,-42.48,-73.76,11.58,98.0,92.0,2.87
3,ushuaia,AR,-54.81,-68.31,8.0,76.0,40.0,1.5
4,prudyanka,UA,50.24,36.17,12.0,93.0,75.0,7
5,villamontes,BO,-21.26,-63.47,18.5,95.0,64.0,1.07
6,college,US,64.86,-147.8,0.0,95.0,90.0,1.62
7,ostrovnoy,RU,68.05,39.51,-2.73,92.0,88.0,5.02
8,hovd,NO,63.83,10.7,-3.0,92.0,75.0,3.1
9,erzin,TR,36.95,36.2,11.0,93.0,0.0,1.87
10,port alfred,ZA,-33.59,26.89,19.88,95.0,0.0,6.32
11,qaanaaq,GL,77.48,-69.36,-22.33,100.0,0.0,4.47
12,sakakah,,,,,,,
13,avarua,CK,-21.21,-159.78,24.0,94.0,90.0,3.6
14,melfi,IT,41,15.66,11.0,71.0,40.0,8.7
15,luderitz,NA,-26.65,15.16,24.0,50.0,32.0,2.6
16,hobart,AU,-42.88,147.33,12.0,57.0,75.0,3.1
17,skelleftea,SE,64.75,20.95,-3.0,86.0,48.0,3.1
18,port elizabeth,US,39.31,-74.98,11.0,100.0,90.0,4.6
19,naze,NG,5.43,7.07,25.0,94.0,20.0,2.47
20,ingham,AU,-18.65,146.16,27.18,86.0,0.0,2.67
21,awjilah,LY,29.14,21.3,20.38,40.0,44.0,5.47
22,yellowknife,CA,62.45,-114.38,0.0,93.0,90.0,3.1
23,mataura,NZ,-46.19,168.86,11.25,97.0,88.0,2.57
24,rabo de peixe,PT,37.8,-25.58,18.0,63.0,40.0,6.2
25,barrow,AR,-38.31,-60.23,16.68,76.0,0.0,4.67
26,lashio,MM,22.93,97.75,18.93,95.0,76.0,0.47
27,cristinapolis,BR,-11.48,-37.76,24.75,72.0,0.0,5.87
28,barentsburg,,,,,,,
29,tshane,BW,-24.02,21.87,20.33,25.0,0.0,4.57
30,bengkulu,,,,,,,
31,sao filipe,CV,14.9,-24.5,25.5,100.0,8.0,5.67
32,chipinge,ZW,-20.19,32.62,15.2,79.0,0.0,1.17
33,san vicente,SV,13.64,-88.78,26.0,88.0,75.0,5.7
34,pasni,PK,25.26,63.48,25.18,97.0,0.0,2.57
35,vaini,IN,15.34,74.49,19.2,54.0,0.0,2.72
36,urdoma,RU,61.74,48.55,-0.13,90.0,76.0,1.87
37,bay roberts,CA,47.58,-53.28,3.0,74.0,90.0,3.1
38,saint george,GR,39.45,22.34,12.0,100.0,0.0,2.1
39,mahebourg,MU,-20.41,57.7,18.0,88.0,20.0,3.1
40,carnarvon,ZA,-30.97,22.13,13.95,25.0,0.0,0.97
41,rikitea,PF,-23.12,-134.97,22.88,100.0,32.0,6.57
42,ixtapa,MX,20.71,-105.21,28.0,83.0,90.0,2.6
43,zitlala,MX,17.69,-99.19,20.05,81.0,8.0,0.62
44,albany,US,42.65,-73.75,7.0,81.0,90.0,4.1
45,zlatoustovsk,,,,,,,
46,bethel,US,60.79,-161.76,1.0,55.0,40.0,9.3
47,kaitangata,NZ,-46.28,169.85,9.58,100.0,92.0,2.92
48,sambava,MG,-14.27,50.17,23.15,100.0,68.0,4.92
49,ribeira grande,PT,38.52,-28.7,19.55,100.0,32.0,7.82
50,arman,RU,59.7,150.17,4.0,93.0,90.0,3
51,micomeseng,GQ,2.15,10.62,22.43,97.0,48.0,1.37
52,beringovskiy,RU,63.05,179.32,-0.55,100.0,76.0,3.07
53,norman wells,CA,65.28,-126.83,-5.0,92.0,90.0,2.1
54,katsuura,JP,33.93,134.5,17.0,59.0,40.0,4.1
55,kupang,ID,-10.16,123.6,27.5,91.0,76.0,2.17
56,fort nelson,CA,58.81,-122.69,10.0,34.0,40.0,1.5
57,bredasdorp,ZA,-34.53,20.04,19.0,82.0,56.0,5.7
58,punta arenas,CL,-53.16,-70.91,10.0,57.0,75.0,5.7
59,kutum,SD,14.2,24.66,19.4,33.0,0.0,4.37
60,jamestown,AU,-33.21,138.6,12.38,100.0,92.0,1.72
61,troitskoye,RU,52.98,84.68,-2.83,74.0,0.0,1.17
62,hithadhoo,MV,-0.6,73.08,26.75,100.0,64.0,4.22
63,asau,,,,,,,
64,broome,GB,52.47,1.45,7.0,87.0,64.0,2.1
65,mutare,MZ,-18.97,32.67,11.95,94.0,0.0,1.12
66,xiongzhou,CN,32.34,118.83,14.0,58.0,0.0,4
67,tasiilaq,GL,65.61,-37.64,-1.0,100.0,92.0,15.9
68,zhigansk,RU,66.77,123.37,-7.58,85.0,88.0,6.07
69,lorengau,PG,-2.02,147.27,29.3,97.0,0.0,0.42
70,mount gambier,AU,-37.83,140.78,13.78,75.0,20.0,1.52
71,mehamn,NO,71.03,27.85,-0.13,80.0,88.0,6.27
72,lolua,,,,,,,
73,krasnoselkup,,,,,,,
74,aranos,NA,-24.14,19.11,21.0,21.0,64.0,2.27
75,dikson,RU,73.51,80.55,-3.93,100.0,76.0,15.02
76,attawapiskat,,,,,,,
77,tuatapere,NZ,-46.13,167.69,9.4,100.0,92.0,1.12
78,cidreira,BR,-30.17,-50.22,17.38,92.0,92.0,5.92
79,severo-yeniseyskiy,RU,60.37,93.04,5.05,59.0,0.0,4.27
80,wuda,CN,39.5,106.72,-5.8,68.0,0.0,1.97
81,nanortalik,GL,60.14,-45.24,1.95,94.0,76.0,6.62
82,kodiak,US,39.95,-94.76,13.0,71.0,1.0,2.1
83,chuy,UY,-33.69,-53.46,15.63,90.0,20.0,4.72
84,chara,GR,39.42,22.43,12.0,100.0,0.0,2.1
85,longyearbyen,NO,78.22,15.63,-7.0,73.0,75.0,4.1
86,butaritari,KI,3.07,172.79,29.8,100.0,12.0,5.07
87,solnechnyy,RU,50.72,136.64,2.03,85.0,44.0,4.07
88,nizhneyansk,,,,,,,
89,provideniya,RU,64.42,-173.23,-2.83,100.0,8.0,3.02
90,arraial do cabo,BR,-22.97,-42.02,22.95,97.0,92.0,4.17
91,chumikan,RU,54.72,135.31,3.25,100.0,92.0,9.32
92,kapaa,US,22.08,-159.32,30.0,78.0,90.0,7.2
93,belushya guba,,,,,,,
94,busselton,AU,-33.64,115.35,15.08,100.0,0.0,4.82
95,rungata,,,,,,,
96,yatou,CM,3.63,9.81,26.0,94.0,75.0,1
97,praia da vitoria,PT,38.73,-27.07,18.0,68.0,75.0,7.77
98,geraldton,CA,49.72,-86.95,2.0,80.0,90.0,1.5
99,tuktoyaktuk,CA,69.44,-133.03,-4.0,100.0,90.0,6.2
100,ulladulla,AU,-35.36,150.48,18.0,45.0,90.0,6.2
101,illoqqortoormiut,,,,,,,
102,ponta do sol,BR,-20.63,-46,21.08,86.0,88.0,3.97
103,palora,EC,-1.7,-77.97,16.45,100.0,24.0,0.17
104,esperance,TT,10.24,-61.45,26.0,78.0,20.0,2.57
105,nantucket,US,41.28,-70.1,16.0,93.0,40.0,5.7
106,mbeya,TZ,-8.91,33.47,14.18,85.0,0.0,2.17
107,amderma,,,,,,,
108,bluff,AU,-23.58,149.07,32.0,45.0,0.0,2.32
109,victoria,BN,5.28,115.24,28.0,100.0,75.0,1
110,clyde river,CA,70.47,-68.59,-13.0,84.0,90.0,8.2
111,natchez,US,31.56,-91.4,17.0,82.0,1.0,1.5
112,tanjong karang,,,,,,,
113,lompoc,US,34.64,-120.46,25.0,38.0,1.0,5.1
114,tezu,IN,27.93,96.16,15.3,50.0,0.0,0.87
115,piedras negras,MX,28.7,-100.52,28.0,51.0,5.0,3.1
116,grand gaube,MU,-20.01,57.66,18.0,88.0,20.0,3.1
117,gat,SN,14.69,-16.54,26.0,78.0,8.0,1
118,lagoa,PT,37.14,-8.45,13.0,62.0,0.0,6.2
119,guane,CU,22.2,-84.09,26.68,74.0,44.0,2.22
120,cape town,ZA,-33.93,18.42,16.0,93.0,0.0,1.5
121,bambous virieux,MU,-20.34,57.76,18.0,88.0,20.0,3.1
122,talcahuano,CL,-36.72,-73.12,15.0,87.0,0.0,3.1
123,hilo,US,19.71,-155.08,28.0,69.0,1.0,3.6
124,taolanaro,,,,,,,
125,kimberley,ZA,-28.74,24.76,22.0,60.0,0.0,3.6
126,mount vernon,US,40.91,-73.84,12.0,93.0,90.0,3.6
127,nilagiri,IN,21.46,86.77,19.4,100.0,0.0,1.32
128,araouane,ML,18.9,-3.53,18.05,25.0,0.0,2.07
129,aklavik,CA,68.22,-135.01,-5.0,92.0,90.0,2.1
130,mys shmidta,,,,,,,
131,san german,MX,27.95,-110.92,30.0,58.0,5.0,5.1
132,grants,US,35.15,-107.85,13.0,35.0,1.0,1.5
133,acapulco,MX,16.86,-99.88,28.0,78.0,75.0,3.1
134,khatanga,RU,71.98,102.47,1.25,88.0,64.0,7.87
135,atuona,PF,-9.8,-139.03,26.75,100.0,80.0,8.92
136,kaeo,NZ,-35.1,173.78,18.75,72.0,76.0,4.12
137,mezen,RU,65.85,44.24,-6.8,80.0,0.0,1.12
138,san patricio,PY,-26.98,-56.83,18.25,68.0,0.0,2.02
139,xifeng,CN,42.73,124.72,-0.35,71.0,12.0,3.42
140,hermanus,ZA,-34.42,19.24,16.53,83.0,0.0,1.72
141,chapais,CA,49.78,-74.86,-4.0,62.0,1.0,4.6
142,kavieng,PG,-2.57,150.8,28.08,100.0,48.0,2.07
143,georgetown,GY,6.8,-58.16,26.0,88.0,20.0,1
144,santiago del estero,AR,-27.8,-64.26,22.03,64.0,68.0,3.87
145,lata,IN,30.78,78.62,4.88,69.0,0.0,1.27
146,alugan,PH,12.22,125.48,26.68,97.0,56.0,6.02
147,al,,,,,,,
148,hulan ergi,CN,47.2,123.63,-0.55,71.0,88.0,5.37
149,klaksvik,FO,62.23,-6.59,2.0,80.0,88.0,1
150,majalengka,ID,-6.84,108.23,23.83,96.0,80.0,1.42
151,narsaq,GL,60.91,-46.05,1.0,80.0,88.0,2.1
152,mbuji-mayi,CD,-6.13,23.6,21.13,93.0,24.0,1.22
153,hami,CN,42.84,93.51,-0.13,48.0,0.0,3.12
154,puerto ayora,EC,-0.74,-90.35,23.0,69.0,0.0,7.7
155,pisco,PE,-13.71,-76.2,19.0,77.0,90.0,4.6
156,pimentel,BR,-3.7,-45.5,29.78,54.0,12.0,3.57
157,saskylakh,RU,71.97,114.09,-4.95,86.0,88.0,11.12
158,nikolskoye,RU,59.7,30.79,2.0,96.0,75.0,6
159,caravelas,BR,-17.73,-39.27,26.3,96.0,68.0,13.67
160,zharkent,KZ,44.17,80,-6.1,56.0,24.0,0.82
161,new norfolk,AU,-42.78,147.06,12.0,66.0,75.0,3.1
162,natal,BR,-5.81,-35.21,26.0,74.0,40.0,3.6
163,saint-philippe,CA,45.36,-73.48,2.0,100.0,90.0,5.1
164,manica,MZ,-18.94,32.88,14.0,93.0,75.0,1
165,tucurui,BR,-3.77,-49.67,24.2,91.0,44.0,1.52
166,talnakh,RU,69.49,88.39,-0.58,93.0,88.0,9.27
167,samusu,,,,,,,
168,husavik,CA,50.56,-96.99,4.45,96.0,36.0,3.32
169,mar del plata,AR,-46.43,-67.52,15.8,47.0,0.0,1.87
170,havelock,US,34.88,-76.9,14.0,100.0,20.0,1.5
171,hasaki,JP,35.73,140.83,19.0,68.0,40.0,5.1
172,inhambane,MZ,-23.87,35.38,18.33,100.0,0.0,2.97
173,sarkand,KZ,45.41,79.91,11.18,39.0,68.0,3.67
174,kindu,CD,-2.95,25.92,22.55,96.0,80.0,1.07
175,lumby,CA,50.25,-118.97,9.0,70.0,1.0,1.5
176,illapel,CL,-31.63,-71.17,15.4,75.0,0.0,1.32
177,fereydun kenar,IR,36.69,52.52,14.08,100.0,92.0,2.17
178,kahului,US,20.89,-156.47,31.0,66.0,40.0,10.3
179,bathsheba,BB,13.22,-59.52,25.0,88.0,40.0,2.1
180,vaitupu,,,,,,,
181,cabo san lucas,MX,22.89,-109.91,28.0,69.0,40.0,2.52
182,sol-iletsk,RU,51.16,55,-1.18,87.0,0.0,3.17
183,san andres,PH,13.32,122.68,26.8,100.0,48.0,8.87
184,chokurdakh,RU,70.62,147.9,-12.95,88.0,88.0,3.32
185,funadhoo,MV,6.15,73.27,27.18,100.0,76.0,1.27
186,samalaeulu,,,,,,,
187,merauke,ID,-8.49,140.4,30.93,72.0,0.0,4.92
188,port hedland,AU,-20.31,118.58,30.0,55.0,0.0,3.6
189,lebu,ET,8.96,38.73,10.0,71.0,20.0,1
190,port lincoln,AU,-34.72,135.86,16.58,89.0,88.0,3.87
191,koygorodok,RU,60.44,51.01,0.63,82.0,92.0,3.42
192,mandawar,IN,29.49,78.13,13.83,86.0,0.0,1.22
193,kruisfontein,ZA,-34,24.73,17.13,85.0,0.0,5.92
194,hambantota,LK,6.12,81.12,24.63,100.0,80.0,2.22
195,tumannyy,,,,,,,
196,yialos,,,,,,,
197,mayya,RU,61.74,130.28,-17.0,84.0,40.0,1
198,betim,BR,-19.97,-44.2,18.0,93.0,40.0,2.1
199,honningsvag,NO,70.98,25.97,1.3,100.0,88.0,7.42
200,maarianhamina,,,,,,,
201,cairns,AU,-16.92,145.77,29.0,62.0,0.0,5.7
202,ust-kut,RU,56.78,105.75,-6.93,77.0,0.0,1.22
203,anadyr,RU,64.73,177.51,-3.0,86.0,40.0,7
204,oktyabrskiy,RU,55.61,37.97,6.0,87.0,75.0,4
205,antofagasta,CL,-23.65,-70.4,16.0,63.0,90.0,5.1
206,kharitonovo,RU,61.4,47.5,0.08,91.0,88.0,3.67
207,manokwari,ID,-0.87,134.08,29.03,94.0,0.0,3.27
208,touros,BR,-5.2,-35.46,24.5,91.0,0.0,4.32
209,marystown,CA,47.17,-55.16,4.58,100.0,88.0,3.22
210,guerrero negro,MX,27.97,-114.04,27.7,41.0,0.0,5.12
211,teguise,ES,29.06,-13.56,21.0,77.0,0.0,3.6
212,edd,ER,13.93,41.69,19.53,70.0,0.0,0.92
213,san ramon,NI,12.92,-85.84,21.28,90.0,92.0,0.92
214,tena,EC,-0.99,-77.82,16.5,93.0,12.0,0.72
215,noumea,NC,-22.28,166.46,28.0,39.0,0.0,4.6
216,novyy urengoy,RU,66.08,76.63,-2.85,84.0,8.0,10.47
217,tunduru,,,,,,,
218,olafsvik,,,,,,,
219,hamilton,BM,32.3,-64.78,24.0,69.0,75.0,10.3
220,opuwo,NA,-18.06,13.84,16.75,86.0,56.0,1.57
221,daru,SL,7.99,-10.85,23.45,95.0,80.0,1.32
222,mountain home,US,43.13,-115.69,19.0,48.0,1.0,4.1
223,faanui,PF,-16.48,-151.75,27.08,100.0,8.0,3.77
224,pevek,RU,69.7,170.27,-9.7,100.0,48.0,5.02
225,massape,,,,,,,
226,aryanah,,,,,,,
227,westerland,NL,52.89,4.93,9.0,75.0,20.0,7.7
228,tianpeng,CN,28.88,112.34,12.7,81.0,0.0,2.02
229,leningradskiy,RU,69.38,178.42,-9.58,100.0,0.0,1.97
230,makakilo city,US,21.35,-158.09,31.0,48.0,1.0,4.6
231,buraydah,SA,26.33,43.97,17.0,59.0,40.0,6.2
232,tiksi,RU,71.64,128.87,-9.75,77.0,36.0,6.92
233,baykit,RU,61.68,96.39,1.13,74.0,0.0,4.02
234,gualeguaychu,AR,-33.01,-58.51,18.65,49.0,24.0,3.67
235,belousovka,KZ,50.13,82.52,0.0,64.0,20.0,3
236,winneba,GH,5.35,-0.62,25.65,95.0,12.0,2.77
237,cap malheureux,MU,-19.98,57.61,18.0,88.0,20.0,3.1
238,imperia,IT,43.88,8.02,14.0,76.0,90.0,2.1
239,verkhnevilyuysk,RU,63.45,120.31,-7.63,95.0,44.0,3.12
240,hannibal,US,39.71,-91.36,13.0,93.0,1.0,1.5
241,ketchikan,US,55.34,-131.65,11.0,57.0,1.0,2.87
242,bolungarvik,,,,,,,
243,hobyo,SO,5.35,48.53,23.55,97.0,20.0,1.87
244,cayenne,GF,4.94,-52.33,27.0,83.0,75.0,2.52
245,la ronge,CA,55.1,-105.3,1.0,81.0,90.0,3.1
246,abhar,IR,36.14,49.22,0.33,98.0,36.0,0.97
247,la union,GT,14.97,-89.29,23.3,74.0,44.0,1.32
248,alofi,NU,-19.06,-169.92,26.0,83.0,92.0,2.1
249,wamba,CD,2.14,27.99,20.0,96.0,8.0,0.97
250,pangody,RU,65.85,74.49,-1.45,87.0,64.0,10.02
251,chateau-gontier,FR,47.83,-0.7,4.0,84.0,0.0,1.5
252,duluth,US,46.77,-92.13,8.0,87.0,90.0,3.1
253,trairi,BR,-3.28,-39.27,26.93,100.0,44.0,8.17
254,ishigaki,JP,24.34,124.16,22.0,60.0,75.0,9.8
255,lasa,CY,34.92,32.53,15.0,72.0,0.0,4.6
256,mount isa,AU,-20.73,139.49,31.0,15.0,48.0,3.6
257,mabaruma,GY,8.2,-59.78,27.25,85.0,0.0,2.97
258,coahuayana,MX,18.62,-100.35,24.93,64.0,12.0,1.22
259,banyo,CM,6.75,11.81,17.38,97.0,64.0,0.72
260,pedernales,EC,0.07,-80.05,23.28,79.0,32.0,3.72
261,khoy,IR,38.55,44.95,-2.68,95.0,8.0,1.07
262,sofia,BG,42.7,23.32,6.0,75.0,0.0,2.1
263,tabiauea,,,,,,,
264,viligili,,,,,,,
265,banjarmasin,ID,-3.32,114.59,27.4,92.0,12.0,1.52
266,saint-augustin,FR,44.83,-0.61,6.0,75.0,0.0,5.7
267,namibe,AO,-15.19,12.15,26.08,84.0,0.0,5.82
268,kieta,PG,-6.22,155.63,27.55,100.0,20.0,1.67
269,nalut,LY,31.86,10.98,13.65,87.0,8.0,3.02
270,kapit,MY,2.02,112.94,23.68,97.0,92.0,1.27
271,montilla,ES,37.58,-4.64,10.0,66.0,0.0,3.1
272,kodinsk,RU,58.6,99.18,-2.68,83.0,0.0,2.32
273,jalpan,MX,19,-100.36,14.9,100.0,68.0,0.87
274,ondjiva,AO,-17.07,15.73,17.4,84.0,68.0,4.07
275,mazyr,BY,52.05,29.27,6.3,94.0,76.0,4.02
276,waddan,LY,29.16,16.14,20.3,54.0,0.0,3.77
277,maceio,BR,-9.67,-35.74,23.0,83.0,0.0,3.6
278,phan thiet,VN,10.93,108.1,26.55,100.0,36.0,2.27
279,poum,MK,41.28,20.71,3.4,84.0,0.0,0.77
280,qui nhon,,,,,,,
281,jiaonan,CN,35.88,119.98,12.0,72.0,0.0,2
282,kloulklubed,PW,7.04,134.26,27.0,88.0,90.0,9.77
283,grand river south east,,,,,,,
284,taltal,CL,-25.41,-70.49,15.7,85.0,0.0,0.97
285,hihifo,,,,,,,
286,tura,IN,25.52,90.21,18.4,89.0,0.0,1.12
287,rio grande,BR,-32.03,-52.1,17.8,91.0,92.0,6.87
288,payakumbuh,ID,-0.23,100.63,21.78,92.0,12.0,1.17
289,ruatoria,,,,,,,
290,brenham,US,30.17,-96.4,22.0,73.0,1.0,3.32
291,okha,RU,53.59,142.95,5.38,100.0,92.0,13.67
292,kavaratti,IN,10.57,72.64,29.88,97.0,0.0,2.72
293,muriwai beach,NZ,-36.82,174.45,17.0,77.0,32.0,3.1
294,sao jose da coroa grande,BR,-8.9,-35.15,23.78,92.0,0.0,5.02
295,belmonte,PT,40.36,-7.35,4.38,84.0,88.0,2.57
296,kalmunai,LK,7.42,81.82,22.75,100.0,68.0,2.97
297,curuca,BR,-2.52,-61.06,27.53,80.0,0.0,1.37
298,exeter,GB,50.73,-3.53,5.0,81.0,20.0,6.7
299,burica,,,,,,,
300,nioro,GM,13.79,-15.05,26.75,78.0,0.0,3.82
301,carutapera,BR,-1.2,-46.02,26.08,90.0,48.0,3.37
302,verkhovazhye,RU,60.75,42.05,-2.3,90.0,88.0,1.57
303,gizo,IL,31.8,34.94,15.0,67.0,0.0,2.1
304,thompson,CA,55.74,-97.86,0.0,98.0,90.0,3.1
305,maua,KE,0.23,37.94,15.78,96.0,92.0,1.17
306,jasper,US,33.83,-87.28,13.0,100.0,8.0,2.32
307,roebourne,AU,-20.77,117.15,24.18,68.0,0.0,1.47
308,huarmey,PE,-10.07,-78.15,17.05,72.0,8.0,1.42
309,honjo,JP,39.38,140.05,14.0,93.0,75.0,1
310,sampit,ID,-2.54,112.95,24.33,98.0,20.0,2.57
311,kitimat,CA,54.02,-128.69,7.0,75.0,90.0,9.8
312,sitka,US,37.17,-99.65,19.3,41.0,0.0,2.17
313,florianopolis,BR,-27.6,-48.55,19.63,83.0,8.0,7.52
314,hukuntsi,BW,-23.98,21.76,20.33,25.0,0.0,4.57
315,prince rupert,CA,54.32,-130.32,12.0,54.0,1.0,1.5
316,talgar,KZ,43.3,77.24,11.0,57.0,75.0,1
317,vao,EE,59.1,26.19,3.05,97.0,92.0,7.92
318,krasnovishersk,RU,60.4,57.08,0.33,86.0,88.0,4.97
319,omboue,GA,-1.57,9.26,26.75,100.0,88.0,3.87
320,nizhnevartovsk,RU,60.93,76.58,4.0,100.0,0.0,1
321,coihaique,CL,-45.58,-72.07,13.0,54.0,40.0,1.57
322,fairbanks,US,64.84,-147.72,0.0,95.0,90.0,1.62
323,namtsy,RU,62.72,129.66,-9.6,83.0,64.0,1.17
324,loreto,PY,-23.27,-57.32,20.75,73.0,0.0,3.72
325,sentyabrskiy,,,,,,,
326,katherine,AU,-14.47,132.26,31.0,52.0,75.0,3.6
327,malinovoye ozero,RU,51.68,79.77,6.28,57.0,0.0,4.92
328,magadan,RU,59.56,150.8,4.0,93.0,90.0,3
329,invermere,CA,50.51,-116.03,3.13,56.0,0.0,0.77
330,tautira,PF,-17.73,-149.15,30.0,70.0,75.0,5.1
331,la reforma,GT,14.8,-91.82,26.0,94.0,90.0,4.1
332,tsihombe,,,,,,,
333,laje,BR,-13.18,-39.42,26.83,56.0,8.0,4.02
334,kerteh,,,,,,,
335,yerbogachen,RU,61.28,108.01,-1.3,97.0,8.0,2.92
336,turukhansk,RU,65.8,87.96,2.8,91.0,92.0,7.72
337,laguna,MX,27.52,-110.01,32.0,33.0,5.0,4.1
338,dunedin,NZ,-45.87,170.5,9.78,98.0,88.0,1.72
339,sorong,ID,-0.86,131.25,27.7,100.0,8.0,6.07
340,aflu,,,,,,,
341,bacuit,,,,,,,
342,gemena,CD,3.25,19.78,22.3,96.0,32.0,0.87
343,kurayoshi,JP,35.43,133.83,16.0,51.0,20.0,4.1
344,tynda,RU,55.15,124.74,-4.38,65.0,88.0,4.82
345,brigantine,US,39.41,-74.36,11.0,93.0,90.0,6.2
346,arvika,SE,59.65,12.59,0.0,84.0,0.0,5.1
347,cradock,ZA,-32.16,25.62,13.28,76.0,0.0,0.87
348,rodrigues alves,BR,-7.74,-72.65,25.0,94.0,0.0,1.87
349,katobu,ID,-4.94,122.53,28.33,93.0,0.0,1.17
350,hualmay,PE,-11.1,-77.61,16.3,88.0,20.0,2.22
351,porto novo,BR,-23.68,-45.44,20.0,82.0,75.0,4.1
352,nyurba,RU,63.29,118.35,-5.68,73.0,68.0,3.67
353,vrises,GR,35.49,23.89,15.0,93.0,20.0,1.32
354,inirida,CO,3.87,-67.92,25.58,92.0,24.0,1.22
355,coromandel,NZ,-36.76,175.5,17.0,77.0,20.0,3.1
356,christchurch,NZ,-43.53,172.64,17.0,63.0,0.0,3.6
357,perth,GB,56.4,-3.43,4.0,80.0,0.0,3.1
358,port hueneme,US,34.15,-119.2,32.0,72.0,1.0,3.1
359,seddon,NZ,-41.67,174.07,16.0,77.0,0.0,1.72
360,jinchengjiang,,,,,,,
361,batemans bay,AU,-35.71,150.18,15.5,77.0,8.0,2.82
362,hazorasp,UZ,41.32,61.08,8.0,81.0,0.0,4.1
363,kargopol,RU,61.51,38.95,-5.43,75.0,36.0,2.07
364,taloqan,AF,36.74,69.54,12.13,37.0,12.0,2.02
365,stornoway,,,,,,,
366,lewisporte,CA,49.25,-55.06,0.0,100.0,75.0,3.1
367,torbay,CA,47.66,-52.73,2.0,80.0,75.0,2.6
368,ijaki,,,,,,,
369,haimen,CN,31.87,121.18,15.08,92.0,0.0,6.27
370,sur,OM,22.57,59.53,25.45,100.0,76.0,2.07
371,aberdeen,US,45.47,-98.49,9.0,81.0,20.0,5.1
372,sharlyk,RU,52.93,54.74,-1.18,89.0,88.0,3.17
373,tonstad,NO,58.66,6.71,-2.0,74.0,0.0,1
374,beira,ES,43.2,-8.36,6.0,87.0,20.0,1
375,puerto carreno,CO,6.19,-67.49,23.08,93.0,12.0,1.02
376,comodoro rivadavia,AR,-45.87,-67.48,17.0,36.0,0.0,5.7
377,ucar,AZ,40.51,47.65,7.78,99.0,32.0,1.52
378,hargeysa,SO,9.56,44.06,15.9,90.0,92.0,1.37
379,maniitsoq,GL,65.42,-52.9,0.8,98.0,80.0,9.87
380,mandalgovi,MN,45.76,106.27,-2.7,70.0,0.0,5.27
381,barbacena,BR,-21.23,-43.77,21.18,84.0,76.0,5.07
382,upernavik,GL,72.79,-56.15,-4.6,100.0,92.0,10.42
383,sibolga,ID,1.74,98.78,21.45,100.0,56.0,0.72
384,charlestown,US,41.38,-71.64,13.0,100.0,90.0,4.1
385,kuruman,ZA,-27.46,23.43,13.95,53.0,0.0,1.72
386,saleaula,,,,,,,
387,bocaranga,,,,,,,
388,anaconda,US,46.13,-112.94,6.0,48.0,1.0,2.1
389,stanesti,RO,43.92,25.83,8.0,93.0,0.0,2.52
390,vila velha,BR,-3.71,-38.6,27.0,74.0,40.0,3.6
391,boshnyakovo,RU,49.65,142.17,6.38,96.0,76.0,6.12
392,orotukan,RU,62.26,151.67,-8.8,74.0,0.0,1.22
393,faya,SA,18.39,42.45,16.0,93.0,0.0,1.52
394,petatlan,MX,17.52,-101.27,30.0,70.0,75.0,2.6
395,portland,US,45.52,-122.67,15.0,100.0,90.0,3.1
396,odder,DK,55.98,10.15,1.0,100.0,64.0,1
397,sorland,NO,67.67,12.69,5.3,100.0,92.0,5.27
398,labuhan,ID,-2.54,115.51,24.88,91.0,32.0,1.32
399,marcona,,,,,,,
400,tabou,CI,4.42,-7.36,27.43,100.0,0.0,3.67
401,wanning,AT,48.64,13.53,7.0,75.0,90.0,6.7
402,khandyga,RU,62.65,135.58,-13.73,92.0,8.0,1.67
403,manta,RO,45.1,24.1,6.28,79.0,12.0,1.62
404,ahipara,NZ,-35.17,173.16,16.7,88.0,80.0,5.02
405,evensk,RU,61.92,159.24,0.0,100.0,36.0,2.22
406,sonkovo,RU,57.78,37.16,0.68,99.0,92.0,4.17
407,tual,ID,-5.67,132.75,27.83,100.0,0.0,2.42
408,salinopolis,BR,-0.61,-47.36,28.18,92.0,76.0,5.57
409,rio gallegos,AR,-51.62,-69.22,12.0,50.0,0.0,3.57
410,serik,TR,36.92,31.1,13.0,66.0,0.0,2.6
411,celestun,MX,20.87,-90.4,27.2,100.0,0.0,9.12
412,vostok,RU,46.45,135.83,-1.75,79.0,80.0,2.07
413,agadir,MA,30.42,-9.58,18.0,88.0,0.0,3.1
414,candido mendes,BR,-1.45,-45.72,27.45,98.0,80.0,5.47
415,iqaluit,CA,63.75,-68.52,-8.0,85.0,75.0,13.9
416,obo,CF,5.39,26.49,20.2,97.0,24.0,1.42
417,ancud,CL,-41.87,-73.83,11.78,97.0,92.0,2.92
418,kosovska mitrovica,,,,,,,
419,saldanha,PT,41.42,-6.55,2.03,85.0,24.0,2.72
420,ngunguru,NZ,-35.62,174.5,17.75,94.0,48.0,5.72
421,kushiro,JP,43.11,144.15,13.0,50.0,20.0,2.1
422,boyolangu,ID,-8.09,111.9,23.75,87.0,36.0,3.22
423,oudtshoorn,ZA,-33.59,22.2,16.0,100.0,90.0,2.6
424,atar,MR,20.52,-13.05,29.0,24.0,76.0,2.57
425,jalu,LY,29.03,21.55,19.38,41.0,44.0,5.42
426,plettenberg bay,ZA,-34.05,23.37,17.15,96.0,0.0,3.32
427,palabuhanratu,,,,,,,
428,kununurra,AU,-15.77,128.74,38.0,24.0,0.0,5.1
429,vardo,US,39.62,-77.74,10.0,87.0,90.0,1.5
430,diamantino,BR,-14.4,-56.44,26.78,79.0,12.0,1.22
431,karamea,,,,,,,
432,jogeva,EE,58.75,26.39,1.0,100.0,88.0,3.6
433,umm ruwabah,,,,,,,
434,cuauhtemoc,MX,28.72,-111.63,35.0,26.0,5.0,2.1
435,gunjur,GM,13.18,-16.76,25.0,94.0,40.0,2.6
436,bell ville,AR,-32.63,-62.69,19.65,69.0,68.0,3.97
437,tambun,MY,4.62,101.14,26.0,83.0,75.0,1.5
438,mazatlan,MX,23.22,-106.42,29.0,70.0,5.0,2.1
439,megion,RU,61.04,76.11,4.0,100.0,0.0,1
440,ondorhaan,,,,,,,
441,abu zabad,SD,12.35,29.25,24.38,30.0,0.0,5.62
442,shimoda,JP,34.7,138.93,19.0,68.0,20.0,4.1
443,yurino,RU,56.29,46.29,-1.0,92.0,0.0,4
444,berbera,,,,,,,
445,synya,RU,65.37,58.04,-2.13,88.0,92.0,2.37
446,bairiki,,,,,,,
447,kirishi,RU,59.45,32.01,0.93,94.0,92.0,4.47
448,rayong,TH,12.68,101.28,27.0,78.0,20.0,1.5
449,ilheus,BR,-14.79,-39.05,27.0,83.0,40.0,3.1
450,kawana waters,,,,,,,
451,komsomolskiy,RU,67.55,63.78,-4.08,87.0,76.0,3.27
452,pokhara,NP,28.21,83.99,4.58,77.0,0.0,0.77
453,ambilobe,MG,-13.19,49.05,17.63,79.0,8.0,1.77
454,capreol,CA,46.71,-80.92,2.0,59.0,90.0,7.2
455,malartic,CA,48.14,-78.13,-1.0,74.0,40.0,3.6
456,palera,IT,44.98,7.72,13.0,93.0,90.0,1.5
457,vanimo,PG,-2.67,141.3,26.63,100.0,56.0,2.62
458,mayumba,GA,-3.44,10.65,24.93,100.0,92.0,3.62
459,oxnard,US,34.2,-119.18,32.0,72.0,1.0,3.1
460,hervey bay,AU,-25.3,152.85,25.75,85.0,0.0,3.42
461,aflao,TG,6.12,1.19,27.0,88.0,20.0,1
462,dauphin,CA,51.15,-100.04,5.9,75.0,88.0,3.87
463,banepa,NP,27.63,85.52,9.0,93.0,20.0,1.17
464,yulara,AU,-25.24,130.99,26.0,54.0,0.0,2.6
465,sorvag,,,,,,,
466,martapura,ID,-3.41,114.85,27.4,92.0,12.0,1.52
467,muromtsevo,RU,56.37,75.24,7.25,99.0,92.0,3.32
468,goure,NE,13.98,10.27,25.03,61.0,32.0,1.27
469,kayes,ML,14.44,-11.44,26.08,71.0,0.0,2.52
470,newcastleton,GB,55.18,-2.81,2.0,87.0,8.0,5.1
471,curillo,CO,1.03,-75.92,22.13,89.0,20.0,0.97
472,upata,VE,8.02,-62.41,26.78,64.0,0.0,3.97
473,chute-aux-outardes,CA,49.12,-68.38,-1.0,54.0,1.0,3.6
474,luena,AO,-11.78,19.91,19.05,42.0,0.0,3.02
475,bindura,ZW,-17.3,31.33,11.93,74.0,0.0,1.67
476,jabinyanah,TN,35.03,10.91,22.0,73.0,0.0,3.1
477,kastamonu,TR,41.38,33.78,-3.8,73.0,0.0,1.07
478,dukat,RS,42.44,22.31,10.93,65.0,0.0,1.87
479,genhe,CN,50.78,121.52,-6.8,71.0,76.0,8.17
480,souillac,FR,45.6,-0.6,5.0,80.0,0.0,4.6
481,fossombrone,IT,43.69,12.81,19.0,68.0,80.0,5.7
482,tlalchapa,MX,18.41,-100.48,24.93,64.0,12.0,1.22
483,itoman,JP,26.12,127.67,23.0,56.0,75.0,7.7
484,berdigestyakh,RU,62.1,126.7,-13.2,73.0,0.0,1.17
485,makung,,,,,,,
486,sola,NO,58.89,5.65,1.0,74.0,0.0,1
487,sabang,PH,13.72,123.58,25.68,100.0,100.0,7.42
488,pringsewu,ID,-5.36,104.98,23.45,98.0,68.0,1.22
489,tazmalt,DZ,36.39,4.4,23.0,38.0,40.0,3.1
490,miri,NG,10.31,9.75,21.0,80.0,32.0,0.62
491,lavrentiya,RU,65.58,-170.99,-1.43,100.0,0.0,9.52
492,waipawa,NZ,-39.94,176.59,17.65,79.0,64.0,2.32
493,cosala,,,,,,,
494,cao bang,VN,22.67,106.25,17.65,94.0,88.0,1.57
495,umtata,ZA,-31.59,28.78,14.0,93.0,0.0,0.97
496,quata,BR,-22.25,-50.7,21.55,78.0,44.0,4.17
497,cururupu,BR,-1.82,-44.87,26.45,80.0,0.0,3.12
498,mustafakemalpasa,,,,,,,
499,male,UA,50.74,33.7,10.93,87.0,80.0,7.02
500,aswan,EG,24.09,32.9,21.0,30.0,0.0,4.6
501,conceicao do araguaia,BR,-8.26,-49.26,26.5,93.0,0.0,1.37
502,barcelos,PT,41.53,-8.62,8.0,75.0,0.0,3.1
503,lac-au-saumon,CA,48.42,-67.35,-4.0,68.0,20.0,2.6
504,kortkeros,RU,61.81,51.56,0.0,87.0,90.0,3
505,hunza,,,,,,,
506,mrirt,,,,,,,
507,ust-maya,RU,60.42,134.54,-9.35,70.0,76.0,3.17
508,olean,US,42.08,-78.43,2.0,100.0,90.0,2.1
509,savinka,RU,50.08,47.1,-1.58,85.0,12.0,1.62
510,mandera,ET,3.94,41.86,22.78,80.0,36.0,1.42
511,marawi,PH,8,124.29,23.5,82.0,44.0,1.27
512,berezovyy,RU,51.67,135.7,0.28,91.0,92.0,2.17
513,glasgow,GB,55.86,-4.24,5.0,73.0,0.0,3.1
514,pyinmana,MM,19.74,96.21,21.53,98.0,68.0,1.22
515,san jeronimo,PE,-13.65,-73.37,8.8,86.0,76.0,0.92
516,caluquembe,AO,-13.78,14.68,22.18,40.0,92.0,2.72
517,severo-kurilsk,RU,50.68,156.12,6.4,98.0,92.0,6.07
518,sao joao da barra,BR,-21.64,-41.05,23.53,100.0,68.0,4.37
519,sosnovskoye,RU,55.81,43.17,1.0,94.0,90.0,4
520,praia,BR,-20.25,-43.81,18.0,93.0,40.0,2.1
521,karaul,,,,,,,
522,grindavik,IS,63.84,-22.43,5.0,93.0,90.0,16.5
523,selkirk,CA,50.15,-96.88,4.0,93.0,75.0,3.1
524,verkhoyansk,RU,67.55,133.39,-21.98,60.0,32.0,1.02
525,naron,ES,43.52,-8.15,6.0,87.0,20.0,1
526,odweyne,,,,,,,
527,peruibe,BR,-24.32,-47,23.7,95.0,0.0,3.47
528,garissa,KE,-0.46,39.64,22.2,92.0,48.0,2.67
529,innisfail,CA,52.02,-113.95,7.0,33.0,20.0,2.1
530,kaseda,JP,31.42,130.32,14.0,67.0,40.0,2.1
531,port macquarie,AU,-31.43,152.91,19.0,63.0,90.0,7.7
532,yar-sale,RU,66.83,70.83,-3.43,100.0,88.0,6.62
533,wakkanai,JP,45.41,141.67,10.0,81.0,40.0,3.1
534,malanje,AO,-9.54,16.35,17.4,96.0,44.0,1.12
535,belluno,IT,46.14,12.22,19.0,82.0,92.0,3.1
536,constitucion,MX,23.99,-104.67,21.0,35.0,5.0,3.1
537,jennings,US,30.22,-92.66,20.0,93.0,1.0,3.52
538,polewali,ID,-4.03,119.8,28.83,66.0,0.0,1.62
539,ahumada,,,,,,,
540,ihosy,MG,-22.4,46.13,12.33,93.0,44.0,1.52
541,muros,ES,42.77,-9.06,3.0,100.0,40.0,4.6
542,esna,RO,45.2,27.57,9.5,96.0,0.0,2.17
543,aksu,KZ,52.04,76.93,10.0,36.0,0.0,7
544,sparks,US,39.53,-119.75,24.0,21.0,1.0,6.2
545,mollendo,PE,-17.03,-72.02,15.2,80.0,8.0,1.32
546,pacific grove,US,36.62,-121.92,25.0,44.0,1.0,3.1
547,airai,TL,-8.93,125.41,27.53,42.0,0.0,0.92
548,grootfontein,NA,-19.56,18.1,15.95,69.0,48.0,0.87
549,san jose,PH,15.79,120.99,26.45,72.0,0.0,1.22
550,bratsk,RU,56.15,101.63,-2.0,63.0,0.0,1
551,cogoleto,IT,44.39,8.64,17.0,100.0,75.0,9.8
552,longlac,,,,,,,
553,medea,DZ,36.27,2.77,19.0,63.0,40.0,4.1
554,basco,US,40.33,-91.2,13.0,81.0,1.0,2.1
555,rawson,AR,-43.3,-65.11,16.08,48.0,0.0,1.42
556,marzuq,YE,14.4,46.47,7.18,83.0,0.0,1.02
557,peniche,PT,39.36,-9.38,10.0,81.0,20.0,3.6
558,texarkana,US,33.44,-94.04,17.0,88.0,1.0,2.1
559,tanda,IN,31.67,75.63,15.33,80.0,0.0,1.17
560,boa vista,BR,2.82,-60.67,30.0,62.0,20.0,2.6
561,russell,AR,-33.01,-68.8,17.0,88.0,20.0,3.1
562,bilma,NE,18.69,12.92,24.33,29.0,32.0,2.92
563,margate,AU,-43.03,147.26,13.0,43.0,75.0,3.1
564,khandbari,NP,27.38,87.21,0.65,90.0,0.0,0.72
565,yeppoon,AU,-23.13,150.74,33.0,41.0,0.0,3.1
566,fethiye,TR,36.62,29.12,12.0,87.0,0.0,3.1
567,klimovo,RU,52.38,32.2,9.5,95.0,92.0,3.92
568,te anau,NZ,-45.41,167.72,7.83,99.0,92.0,1.52
569,quebo,,,,,,,
570,fortuna,ES,38.18,-1.13,14.0,66.0,20.0,5.7
571,canutama,BR,-6.53,-64.38,26.45,92.0,8.0,0.97
572,namatanai,PG,-3.66,152.44,27.5,100.0,36.0,1.62
573,pangnirtung,CA,66.15,-65.72,-4.58,95.0,88.0,2.77
574,pombal,BR,-6.77,-37.8,28.45,38.0,0.0,3.92
575,asadabad,IR,34.78,48.12,-0.85,78.0,48.0,1.07
576,el puerto de santa maria,ES,36.59,-6.23,13.0,62.0,0.0,6.2
577,takayama,JP,36.14,137.25,14.0,67.0,75.0,1.5
578,abonnema,NG,4.71,6.79,25.0,94.0,20.0,1.42
579,lishui,CN,28.45,119.91,10.75,68.0,0.0,0.82
580,xining,CN,36.62,101.77,-6.2,75.0,48.0,1.22
581,epe,DE,52.18,7.04,2.0,92.0,0.0,2.6
582,umm kaddadah,SD,13.6,26.69,22.68,28.0,44.0,4.72
583,cabo rojo,PR,18.09,-67.15,27.0,100.0,75.0,5.1
584,bonavista,CA,48.65,-53.11,4.45,100.0,20.0,5.22
585,port blair,IN,11.67,92.75,28.93,100.0,12.0,6.27
586,belyy yar,RU,53.6,91.39,-7.0,92.0,12.0,1.12
587,necochea,AR,-38.55,-58.74,17.78,67.0,8.0,4.22
588,houston,US,29.76,-95.37,22.0,73.0,1.0,3.6
589,charters towers,AU,-20.07,146.27,29.3,67.0,0.0,2.67
590,lamu,ID,0.57,122.3,26.78,86.0,48.0,0.52
591,seoul,KR,37.57,126.98,12.0,76.0,90.0,2.6
592,pervoye maya,KG,40.63,73.68,-0.83,55.0,0.0,1.12
593,panaba,MX,21.28,-88.27,28.15,56.0,8.0,3.67
594,guasdualito,VE,7.24,-70.73,27.0,94.0,40.0,1.77
595,sembakung,ID,3.82,117.25,24.7,94.0,80.0,1.32
596,gryazovets,RU,58.88,40.25,-0.58,95.0,88.0,4.92
597,cabedelo,BR,-6.97,-34.84,25.0,78.0,20.0,2.6
598,bargal,,,,,,,
599,hede,SE,60.45,15.49,0.0,88.0,80.0,5.1
600,khuldabad,IN,20.05,75.18,17.0,82.0,0.0,0.97
601,saint anthony,US,43.97,-111.68,13.0,54.0,90.0,4.1
602,balkhash,KZ,46.84,74.98,9.2,83.0,44.0,7.02
603,iskateley,RU,67.68,53.15,-4.05,93.0,32.0,5.07
604,santa cruz,US,36.97,-122.03,22.0,77.0,1.0,3.1
605,bandar,ID,-4.2,104.14,24.28,88.0,12.0,2.02
606,huejuquilla el alto,MX,22.63,-103.9,19.68,44.0,64.0,0.97
607,adrar,DZ,27.87,-0.29,20.0,56.0,0.0,3.1
608,avera,US,33.19,-82.53,14.0,76.0,90.0,3.6
609,myaundzha,RU,63.05,147.18,-17.75,68.0,8.0,1.17
610,teya,MX,21.05,-89.07,27.0,74.0,20.0,5.1
611,matay,EG,28.42,30.79,14.03,76.0,0.0,4.07
612,itarema,BR,-2.92,-39.92,25.45,81.0,0.0,6.17
613,taoudenni,ML,22.68,-3.98,18.15,35.0,0.0,1.27
614,tahta,,,,,,,
615,santa maria,BR,-29.69,-53.81,18.0,82.0,0.0,2.97
616,puksoozero,RU,62.59,40.61,-6.83,100.0,8.0,1.32
617,nuevo progreso,US,26.05,-97.95,23.0,73.0,1.0,2.32
618,opelousas,US,30.53,-92.08,20.0,82.0,1.0,3.87
619,barbar,,,,,,,
620,homer,US,59.64,-151.54,8.0,81.0,40.0,2.37
621,daultala,PK,33.19,73.14,15.0,72.0,0.0,1.22
622,samarai,PG,-10.62,150.67,26.83,100.0,80.0,4.07
623,straumen,NO,63.87,11.3,-4.0,85.0,75.0,3.1
624,les cayes,HT,18.19,-73.75,27.5,100.0,0.0,3.62
625,harper,US,30.3,-99.24,20.0,60.0,1.0,2.32
626,vestmannaeyjar,IS,63.44,-20.27,4.68,100.0,100.0,13.22
627,monrovia,LR,6.33,-10.8,25.0,94.0,40.0,2.07
628,bogorodskoye,RU,52.37,140.44,5.55,94.0,92.0,1.82
629,acajutla,SV,13.59,-89.83,28.0,58.0,0.0,1
630,tarsus,TR,36.92,34.88,10.0,81.0,0.0,1.32
631,fianga,,,,,,,
632,skagastrond,,,,,,,
633,rantepao,ID,-2.97,119.9,23.38,81.0,0.0,1.02
634,chippewa falls,US,44.94,-91.39,8.0,87.0,90.0,4.6
635,cahors,FR,44.45,1.44,5.0,73.0,0.0,3.6
636,conakry,GN,9.52,-13.7,28.0,88.0,40.0,3.1
637,mogadishu,SO,2.04,45.34,25.4,100.0,20.0,3.97
638,north bend,US,43.41,-124.22,19.0,77.0,90.0,4.6
639,paita,PE,-5.09,-81.11,21.13,63.0,24.0,3.62
640,afonso claudio,BR,-20.07,-41.12,21.3,97.0,68.0,1.12
641,andrelandia,,,,,,,
642,kulunda,RU,52.57,78.94,7.75,46.0,48.0,6.72
643,hamada,JP,34.9,132.08,14.0,58.0,75.0,5.1
644,palmer,AU,-34.85,139.16,18.0,55.0,75.0,3.1
645,rawannawi,,,,,,,
646,nishihara,JP,35.74,139.53,18.0,48.0,40.0,3.6
647,itainopolis,,,,,,,
648,karratha,AU,-20.74,116.85,24.18,68.0,0.0,1.47
649,chibuto,MZ,-24.69,33.53,16.0,86.0,0.0,2.07
650,abengourou,CI,6.73,-3.5,23.7,96.0,36.0,1.42
651,hoquiam,US,46.98,-123.89,11.0,100.0,90.0,5.1
652,rocha,UY,-34.48,-54.34,14.05,91.0,64.0,2.87
653,srandakan,ID,-7.94,110.25,23.28,97.0,88.0,1.17
654,varkaus,FI,62.32,27.87,-1.0,86.0,75.0,2.6
655,springbok,ZA,-29.67,17.88,18.43,26.0,20.0,1.87
656,chicama,PE,-7.84,-79.15,18.0,77.0,75.0,4.1
657,tambovka,UA,46.93,35.45,12.3,86.0,0.0,6.37
658,los llanos de aridane,ES,28.66,-17.92,19.0,88.0,90.0,5.7
659,santa marta,CO,11.24,-74.21,29.0,83.0,40.0,2.1
660,lagunas,PE,-5.23,-75.68,25.88,82.0,0.0,1.67
